Workbook

Sheet Leame
A1: Ejemplo: liquidación fija vs variable (muestra pequeña)
A2: Un socio real del demo (id 16, asociado), primera quincena de agosto de 2026 (1 al 15), con sus litros diarios reales.
A4: Qué se ve aquí
A5: 1. Hoja Precios: el historial de precios con fecha_inicio y fecha_fin (vacía = abierto) y una prueba de que no hay solapes.
A6: 2. Hoja Recoleccion: los 15 días, el precio que regía cada día y el subtotal de cada día.
A7: 3. Hoja Liquidacion: las dos formas de liquidar, el desglose por tramos y las comprobaciones de integridad.
A9: Supuestos (para que no se confundan con datos reales)
A10: - Los litros, los deducibles, el anticipo y los valores guardados en la BD son reales (base de desarrollo, datos demo).
A11: - El precio de 1.800 desde el 2026-08-08 es HIPOTÉTICO (celda en amarillo en Precios): sirve para simular un cambio a mitad de quincena. En la BD el precio sigue en 1.700.
A12: - Fedegán es un porcentaje (0,75 = 0,75 %); administración y ahorro son valores fijos por liquidación, como calcula hoy el procedimiento.
A13: - Texto en azul = dato de entrada; negro = fórmula. Cambia el precio hipotético o los litros y todo se recalcula.

Sheet Precios
A1: id_precio | B1: vinculacion | C1: fecha_inicio | D1: fecha_fin (vacía = abierto) | E1: precio por litro (COP) | F1: fecha_fin efectiva | G1: solapes con otro rango (debe ser 0) | H1: nota
A2: 1 | B2: asociado | C2: 44927 | D2: 46241 | E2: 1700 | F2: =IF(D2="",DATE(2999,12,31),D2) | G2: =SUMPRODUCT(($B$2:$B$4=B2)*(ROW($B$2:$B$4)<>ROW())*($C$2:$C$4<=F2)*($F$2:$F$4>=C2)) | H2: Precio real de la BD; aquí se supone cerrado el 7 de agosto
A3: 2 | B3: asociado | C3: 46242 | E3: 1800 | F3: =IF(D3="",DATE(2999,12,31),D3) | G3: =SUMPRODUCT(($B$2:$B$4=B3)*(ROW($B$2:$B$4)<>ROW())*($C$2:$C$4<=F3)*($F$2:$F$4>=C3)) | H3: HIPOTÉTICO: nuevo precio abierto desde el 8 de agosto
A4: 3 | B4: proveedor | C4: 44958 | E4: 1650 | F4: =IF(D4="",DATE(2999,12,31),D4) | G4: =SUMPRODUCT(($B$2:$B$4=B4)*(ROW($B$2:$B$4)<>ROW())*($C$2:$C$4<=F4)*($F$2:$F$4>=C4)) | H4: Precio real de la BD; no interviene en este ejemplo
A6: Control de solapes | B6: =IF(SUM(G2:G4)=0,"OK: ningún rango se solapa","REVISAR: hay rangos solapados")
A8: Regla: dos rangos de la misma vinculación se solapan si inicio1 <= fin2 y fin1 >= inicio2. En la BD real lo haría un trigger; aquí se prueba con la columna G.

Sheet Recoleccion
A1: fecha | B1: litros_leche (BD) | C1: estado (BD) | D1: precio vigente ese día | E1: subtotal variable (litros × precio del día) | F1: precio fijo (vigente al cierre) | G1: subtotal fijo (litros × precio al cierre)
A2: 46235 | B2: 59.95 | C2: confirmado | D2: =SUMPRODUCT((Precios!$B$2:$B$4=Liquidacion!$B$5)*(Precios!$C$2:$C$4<=A2)*(Precios!$F$2:$F$4>=A2)*Precios!$E$2:$E$4) | E2: =ROUND(B2*D2,2) | F2: =Liquidacion!$B$12 | G2: =ROUND(B2*F2,2)
A3: 46236 | B3: 63.83 | C3: confirmado | D3: =SUMPRODUCT((Precios!$B$2:$B$4=Liquidacion!$B$5)*(Precios!$C$2:$C$4<=A3)*(Precios!$F$2:$F$4>=A3)*Precios!$E$2:$E$4) | E3: =ROUND(B3*D3,2) | F3: =Liquidacion!$B$12 | G3: =ROUND(B3*F3,2)
A4: 46237 | B4: 61.05 | C4: confirmado | D4: =SUMPRODUCT((Precios!$B$2:$B$4=Liquidacion!$B$5)*(Precios!$C$2:$C$4<=A4)*(Precios!$F$2:$F$4>=A4)*Precios!$E$2:$E$4) | E4: =ROUND(B4*D4,2) | F4: =Liquidacion!$B$12 | G4: =ROUND(B4*F4,2)
A5: 46238 | B5: 58.77 | C5: confirmado | D5: =SUMPRODUCT((Precios!$B$2:$B$4=Liquidacion!$B$5)*(Precios!$C$2:$C$4<=A5)*(Precios!$F$2:$F$4>=A5)*Precios!$E$2:$E$4) | E5: =ROUND(B5*D5,2) | F5: =Liquidacion!$B$12 | G5: =ROUND(B5*F5,2)
A6: 46239 | B6: 60.3 | C6: confirmado | D6: =SUMPRODUCT((Precios!$B$2:$B$4=Liquidacion!$B$5)*(Precios!$C$2:$C$4<=A6)*(Precios!$F$2:$F$4>=A6)*Precios!$E$2:$E$4) | E6: =ROUND(B6*D6,2) | F6: =Liquidacion!$B$12 | G6: =ROUND(B6*F6,2)
A7: 46240 | B7: 60.3 | C7: confirmado | D7: =SUMPRODUCT((Precios!$B$2:$B$4=Liquidacion!$B$5)*(Precios!$C$2:$C$4<=A7)*(Precios!$F$2:$F$4>=A7)*Precios!$E$2:$E$4) | E7: =ROUND(B7*D7,2) | F7: =Liquidacion!$B$12 | G7: =ROUND(B7*F7,2)
A8: 46241 | B8: 68.91 | C8: confirmado | D8: =SUMPRODUCT((Precios!$B$2:$B$4=Liquidacion!$B$5)*(Precios!$C$2:$C$4<=A8)*(Precios!$F$2:$F$4>=A8)*Precios!$E$2:$E$4) | E8: =ROUND(B8*D8,2) | F8: =Liquidacion!$B$12 | G8: =ROUND(B8*F8,2)
A9: 46242 | B9: 64.48 | C9: confirmado | D9: =SUMPRODUCT((Precios!$B$2:$B$4=Liquidacion!$B$5)*(Precios!$C$2:$C$4<=A9)*(Precios!$F$2:$F$4>=A9)*Precios!$E$2:$E$4) | E9: =ROUND(B9*D9,2) | F9: =Liquidacion!$B$12 | G9: =ROUND(B9*F9,2)
A10: 46243 | B10: 67.82 | C10: confirmado | D10: =SUMPRODUCT((Precios!$B$2:$B$4=Liquidacion!$B$5)*(Precios!$C$2:$C$4<=A10)*(Precios!$F$2:$F$4>=A10)*Precios!$E$2:$E$4) | E10: =ROUND(B10*D10,2) | F10: =Liquidacion!$B$12 | G10: =ROUND(B10*F10,2)
A11: 46244 | B11: 62.73 | C11: confirmado | D11: =SUMPRODUCT((Precios!$B$2:$B$4=Liquidacion!$B$5)*(Precios!$C$2:$C$4<=A11)*(Precios!$F$2:$F$4>=A11)*Precios!$E$2:$E$4) | E11: =ROUND(B11*D11,2) | F11: =Liquidacion!$B$12 | G11: =ROUND(B11*F11,2)
A12: 46245 | B12: 61.78 | C12: confirmado | D12: =SUMPRODUCT((Precios!$B$2:$B$4=Liquidacion!$B$5)*(Precios!$C$2:$C$4<=A12)*(Precios!$F$2:$F$4>=A12)*Precios!$E$2:$E$4) | E12: =ROUND(B12*D12,2) | F12: =Liquidacion!$B$12 | G12: =ROUND(B12*F12,2)
A13: 46246 | B13: 66.1 | C13: confirmado | D13: =SUMPRODUCT((Precios!$B$2:$B$4=Liquidacion!$B$5)*(Precios!$C$2:$C$4<=A13)*(Precios!$F$2:$F$4>=A13)*Precios!$E$2:$E$4) | E13: =ROUND(B13*D13,2) | F13: =Liquidacion!$B$12 | G13: =ROUND(B13*F13,2)
... A16: 46249 | B16: 71.69 | C16: confirmado | D16: =SUMPRODUCT((Precios!$B$2:$B$4=Liquidacion!$B$5)*(Precios!$C$2:$C$4<=A16)*(Precios!$F$2:$F$4>=A16)*Precios!$E$2:$E$4) | E16: =ROUND(B16*D16,2) | F16: =Liquidacion!$B$12 | G16: =ROUND(B16*F16,2)
A17: Total | B17: =SUM(B2:B16) | E17: =SUM(E2:E16) | G17: =SUM(G2:G16)
A19: Días sin precio vigente (debe ser 0) | D19: =COUNTIF(D2:D16,0)

Sheet Liquidacion
A1: Liquidación del socio 16 — 1ra quincena de agosto de 2026
A3: Parámetros (datos reales de la BD de desarrollo, salvo lo indicado)
A4: Socio (id_socio) | B4: 16
A5: Vinculación | B5: asociado
A6: Identificación | B6: 27181884
A7: Quincena | B7: 1ra
A8: Fecha de cierre (fecha_liquidacion) | B8: 46249
A9: Fedegán (% sobre ingresos) | B9: 0.75
A10: Administración (valor fijo) | B10: 10000
A11: Ahorro (valor fijo) | B11: 25000
A12: Precio vigente al cierre (para la fija) | B12: =SUMPRODUCT((Precios!$B$2:$B$4=B5)*(Precios!$C$2:$C$4<=B8)*(Precios!$F$2:$F$4>=B8)*Precios!$E$2:$E$4)
A13: Anticipos aprobados de la quincena (anticipo 3, 2026-08-04) | B13: 84872
A15: Concepto | B15: FIJA (precio al cierre) | C15: VARIABLE (precio por día) | D15: Referencia: precio único de la BD (1.700) | E15: Guardado en la BD (tbl_liquidacion)
A16: Total litros | B16: =Recoleccion!B17 | C16: =Recoleccion!B17 | D16: =Recoleccion!B17 | E16: 962.05
A17: Precio por litro | B17: =B12 | C17: =ROUND(C18/C16,2) | D17: 1700 | E17: 1700
A18: Total ingresos | B18: =Recoleccion!G17 | C18: =Recoleccion!E17 | D18: =ROUND(D16*D17,2) | E18: 1635485
A19: Fedegán | B19: =ROUND(B18*$B$9/100,2) | C19: =ROUND(C18*$B$9/100,2) | D19: =ROUND(D18*$B$9/100,2) | E19: 12266.14
A20: Administración | B20: =$B$10 | C20: =$B$10 | D20: =$B$10 | E20: 10000
A21: Ahorro | B21: =$B$11 | C21: =$B$11 | D21: =$B$11 | E21: 25000
A22: Total deducibles | B22: =B19+B20+B21 | C22: =C19+C20+C21 | D22: =D19+D20+D21 | E22: 47266.14
A23: Anticipos aprobados | B23: =$B$13 | C23: =$B$13 | D23: =$B$13 | E23: 84872
A24: Neto a pagar | B24: =B18-B22-B23 | C24: =C18-C22-C23 | D24: =D18-D22-D23 | E24: 1503346.9
A26: Desglose por tramos (lo que se guardaría en la columna JSON detalle_precios de la liquidación variable)
A27: Tramo | B27: desde | C27: hasta | D27: litros | E27: precio | F27: subtotal
A28: 1 | B28: =_xlfn.MINIFS(Recoleccion!$A$2:$A$16,Recoleccion!$D$2:$D$16,E28) | C28: =_xlfn.MAXIFS(Recoleccion!$A$2:$A$16,Recoleccion!$D$2:$D$16,E28) | D28: =SUMIFS(Recoleccion!$B$2:$B$16,Recoleccion!$D$2:$D$16,E28) | E28: =Precios!$E$2 | F28: =ROUND(D28*E28,2)
A29: 2 | B29: =_xlfn.MINIFS(Recoleccion!$A$2:$A$16,Recoleccion!$D$2:$D$16,E29) | C29: =_xlfn.MAXIFS(Recoleccion!$A$2:$A$16,Recoleccion!$D$2:$D$16,E29) | D29: =SUMIFS(Recoleccion!$B$2:$B$16,Recoleccion!$D$2:$D$16,E29) | E29: =Precios!$E$3 | F29: =ROUND(D29*E29,2)
A30: Total | D30: =SUM(D28:D29) | F30: =SUM(F28:F29)
A32: Ejemplo del JSON que se guardaría
A33: =CONCATENATE("[{""desde"":""",TEXT(B28,"yyyy-mm-dd"),""",""hasta"":""",TEXT(C28,"yyyy-mm-dd"),""",""litros"":",D28,",""precio"":",E28,"},{""desde"":""",TEXT(B29,"yyyy-mm-dd"),""",""hasta"":""",TEXT(C29,"yyyy-mm-dd"),""",""litros"":",D29,",""precio"":",E29,"}]")
A35: Comprobaciones de integridad (todas deben decir OK)
A36: Los litros del ejemplo coinciden con los de la BD | B36: =IF(ABS(B16-E16)<0.005,"OK","REVISAR")
A37: La fórmula con el precio único reproduce lo guardado en la BD (ingresos) | B37: =IF(ABS(D18-E18)<0.005,"OK","REVISAR")
A38: ...y el neto a pagar | B38: =IF(ABS(D24-E24)<0.005,"OK","REVISAR")
A39: Variable: la suma de los tramos es igual a los ingresos | B39: =IF(ABS(F30-C18)<0.005,"OK","REVISAR")
A40: Variable: los litros de los tramos son todos los litros | B40: =IF(ABS(D30-C16)<0.005,"OK","REVISAR")
A41: Todos los días tienen un precio vigente | B41: =IF(Recoleccion!D19=0,"OK","REVISAR")
A42: Los rangos de precios no se solapan | B42: =IF(SUM(Precios!G2:G4)=0,"OK","REVISAR")
A43: Neto de la liquidación no negativo (fija y variable) | B43: =IF(AND(B24>=0,C24>=0),"OK","REVISAR")
A45: Diferencia variable − fija (neto a pagar) | B45: =C24-B24
A46: Negativa porque, con el precio hipotético más alto, la fija paga todos los litros a 1.800 y la variable paga los primeros 7 días a 1.700.
